{
  "layout": "password",
  "sections": {
    "template-password": {
      "type": "template-password",
      "settings": {
        "bg_color": "bg-light",
        "show_social_icons": true,
        "logo_height": 40,
        "countdown_timer": "1642840423",
        "show_newsletter_form": true,
        "newsletter_form_title": "Be the first to know when we launch",
        "show_password_form": true,
        "password_form_title": "Enter store using password"
      }
    }
  },
  "order": [
    "template-password"
  ]
}