{
  "sections": {
    "template-product": {
      "type": "template-product",
      "blocks": {
        "58913963-afac-40f1-aaef-9a8b2084dc99": {
          "type": "product_description",
          "settings": {
            "title": "Details"
          }
        },
        "9bcd0fdf-578a-47f6-bc90-d14ef3dbeaa5": {
          "type": "richtext",
          "settings": {
            "title": "Shipping & Returns",
            "description": "<p>Feel free to create additional blocks like this for <strong>Shipping, Payments, etc <\/strong>through the Shopify Theme editor. Also, you may easily adjust their order by dragging and dropping.<\/p>"
          }
        }
      },
      "block_order": [
        "58913963-afac-40f1-aaef-9a8b2084dc99",
        "9bcd0fdf-578a-47f6-bc90-d14ef3dbeaa5"
      ],
      "settings": {
        "title_size": "h2",
        "show_vendor": true,
        "show_share_btn": true,
        "gallery_img_orientation": "square",
        "gallery_img_border": "img-thumbnail",
        "form_light_bg": true,
        "form_show_buy_btn": true,
        "pt": 10,
        "pb": 0,
        "mt": 0,
        "mb": 0
      }
    },
    "a048e36f-1b13-4ad9-9fdd-e392f0e9489c": {
      "type": "separator",
      "settings": {
        "full_width": false,
        "opacity": 0.1,
        "mt": 10,
        "mb": 10
      }
    },
    "5ca5d2db-2cba-4423-b260-a6a8749b20a8": {
      "type": "recommended-products",
      "settings": {
        "bg_color": "",
        "text_align": "text-center",
        "limit": 8,
        "title": "Recommended Products",
        "title_size": "h2",
        "description": "<p>Add on optional description to this section<\/p>",
        "description_size": "fs-6",
        "product_img_orientation": "square",
        "product_img_border": "img-thumbnail",
        "product_title_size": "h6",
        "mobile_scroll": true,
        "breakpoint_xs": 1,
        "breakpoint_sm": 2,
        "breakpoint_md": 2,
        "breakpoint_lg": 3,
        "breakpoint_xl": 4,
        "breakpoint_xxl": 4,
        "pt": 0,
        "pb": 11,
        "mt": 0,
        "mb": 0
      }
    }
  },
  "order": [
    "template-product",
    "a048e36f-1b13-4ad9-9fdd-e392f0e9489c",
    "5ca5d2db-2cba-4423-b260-a6a8749b20a8"
  ]
}